<?xml version="1.0" encoding="UTF-8"?>
<project-private xmlns="http://www.netbeans.org/ns/project-private/1">
    <editor-bookmarks xmlns="http://www.netbeans.org/ns/editor-bookmarks/2" lastBookmarkId="0"/>
    <open-files xmlns="http://www.netbeans.org/ns/projectui-open-files/2">
        <group>
            <file>file:/C:/Users/Lenovo/Documents/NetBeansProjects/FINAL_PROJECT_OOP/src/final_project_oop/courses.java</file>
            <file>file:/C:/Users/Lenovo/Documents/NetBeansProjects/FINAL_PROJECT_OOP/src/final_project_oop/Student.java</file>
            <file>file:/C:/Users/Lenovo/Documents/NetBeansProjects/FINAL_PROJECT_OOP/src/final_project_oop/FinalCourses.java</file>
            <file>file:/C:/Users/Lenovo/Documents/NetBeansProjects/FINAL_PROJECT_OOP/src/final_project_oop/Transcript.java</file>
            <file>file:/C:/Users/Lenovo/Documents/NetBeansProjects/FINAL_PROJECT_OOP/src/final_project_oop/Course.java</file>
            <file>file:/C:/Users/Lenovo/Documents/NetBeansProjects/FINAL_PROJECT_OOP/src/final_project_oop/coursesDetails.java</file>
            <file>file:/C:/Users/Lenovo/Documents/NetBeansProjects/FINAL_PROJECT_OOP/src/final_project_oop/Alert.java</file>
            <file>file:/C:/Users/Lenovo/Documents/NetBeansProjects/FINAL_PROJECT_OOP/src/final_project_oop/Welcome.java</file>
            <file>file:/C:/Users/Lenovo/Documents/NetBeansProjects/FINAL_PROJECT_OOP/src/final_project_oop/Marks.java</file>
            <file>file:/C:/Users/Lenovo/Documents/NetBeansProjects/FINAL_PROJECT_OOP/src/final_project_oop/FINAL_PROJECT_OOP.java</file>
            <file>file:/C:/Users/Lenovo/Documents/NetBeansProjects/FINAL_PROJECT_OOP/src/final_project_oop/login.java</file>
            <file>file:/C:/Users/Lenovo/Documents/NetBeansProjects/FINAL_PROJECT_OOP/src/final_project_oop/Details.java</file>
        </group>
    </open-files>
</project-private>
